,precision,recall,f1-score,support
0,0.7539404553415061,0.9866310160427807,0.8547319655857049,2618.0
1,0.11320754716981132,0.03680981595092025,0.05555555555555555,163.0
2,0.2037037037037037,0.10891089108910891,0.14193548387096774,101.0
3,0.1715686274509804,0.4093567251461988,0.24179620034542315,171.0
4,0.41379310344827586,0.40336134453781514,0.4085106382978723,119.0
5,0.6451612903225806,0.35398230088495575,0.45714285714285713,113.0
6,0.0,0.0,0.0,112.0
7,0.0,0.0,0.0,136.0
8,0.13043478260869565,0.060810810810810814,0.08294930875576037,148.0
9,0.5,0.007407407407407408,0.014598540145985401,135.0
10,0.0,0.0,0.0,156.0
11,0.7142857142857143,0.04424778761061947,0.08333333333333333,113.0
12,0.23076923076923078,0.01948051948051948,0.03592814371257485,154.0
accuracy,0.6548714319414957,0.6548714319414957,0.6548714319414957,0.6548714319414957
macro avg,0.2982203427000384,0.1869998937662413,0.182806309749695,4239.0
weighted avg,0.5584767520256109,0.6548714319414957,0.5736950426557017,4239.0
