subject,accuracy,balanced_accuracy,macro_f1_all_including_rest,macro_f1_active_actions,active_action_accuracy,rest_recall,active_windows,windows
S1,0.3951695203537816,0.05555555555555555,0.03147124692963445,0.0,0.0,1.0,10668,17638
S10,0.27071693230606364,0.05555555555555555,0.023671408147942444,0.0,0.0,1.0,12400,17003
S11,0.5560228998714803,0.05555555555555555,0.03970399292519731,0.0,0.0,1.0,7600,17118
S2,0.5321555594425981,0.05555555555555555,0.03859163981699944,0.0,0.0,1.0,8024,17151
S3,0.6040002298982701,0.05555555555555555,0.04183985476088099,0.0,0.0,1.0,6890,17399
S4,0.2597685344333677,0.05555555555555555,0.022911487073757404,0.0,0.0,1.0,12920,17454
S5,0.28097421203438394,0.05555555555555555,0.0243715732911814,0.0,0.0,1.0,12547,17450
S6,0.258066364834661,0.05555555555555555,0.022792152575315843,0.0,0.0,1.0,12946,17449
S7,0.25787494123178184,0.05555555555555555,0.02277871218256193,0.0,0.0,1.0,12628,17016
S8,0.5623529411764706,0.05555555555555555,0.03999330655957162,0.0,0.0,1.0,7440,17000
S9,0.43352737108249545,0.05555555555555555,0.0336022240452101,0.0,0.0,1.0,9634,17007
