feature,mean_f1_drop,std_f1_drop
mav_ch07,0.0236737400803143,0.0005806254478785484
mav_ch01,0.02288292089520962,0.0007973418856880935
mav_ch04,0.01963905857195174,0.0005314181276319936
rms_ch02,0.017889254219997392,0.0005354885269239271
mav_ch02,0.01778748051785757,0.00019443630700762248
mav_ch12,0.016922789164665417,0.0006153561457479474
mav_ch11,0.016717474771376615,0.0002730376066123957
mav_ch06,0.015629058678333398,0.0005617874538143001
rms_ch08,0.014113481601290256,0.00048540529485195476
waveform_length_ch02,0.011739326585214031,0.00048413567443044797
waveform_length_ch11,0.011220907992747914,0.0005993551951482573
waveform_length_ch06,0.010872261985568855,0.00013043008768064872
waveform_length_ch07,0.009246159308847033,0.0005706681181935849
rms_ch07,0.008800495210892533,0.0004957637422437813
rms_ch06,0.008636600600410107,0.0009593713153188247
rms_ch01,0.008632040809088063,0.00024922344504946773
waveform_length_ch03,0.0074188586355539475,0.00031463312600786086
rms_ch09,0.006476468601209179,0.00033114872794634006
rms_ch12,0.005586707861500409,0.0002316676285767828
rms_ch10,0.004623850640585718,0.0002316829437476324
rms_ch11,0.004478907201634091,0.00036910538817591117
waveform_length_ch09,0.0038817867345779106,0.0002649386593724478
mav_ch10,0.002894095588066997,0.00021443123545291753
waveform_length_ch05,0.0008398521694233477,0.00034695679699035456
rms_ch04,0.0004229956246880745,0.0004554817412883418
mav_ch08,-9.663088704088088e-06,0.00042341240911384547
mav_ch05,-8.271392163888835e-05,0.0002173495186754904
mav_ch03,-0.0007236736708670274,0.0001292298237820937
waveform_length_ch04,-0.001123588249986716,0.0006983381584453778
rms_ch05,-0.001405235116230738,0.00032208524333248963
waveform_length_ch01,-0.0017957773483002436,0.0004265215681133832
waveform_length_ch08,-0.0019549838576186224,0.0004038803408772107
rms_ch03,-0.004281682583467543,0.0005626892110063896
mav_ch09,-0.004627109539951245,0.00020013904838986596
waveform_length_ch12,-0.006924995713457764,9.111946701825072e-05
waveform_length_ch10,-0.010998537193058822,9.162529413272063e-05
